<?xml version="1.0" encoding="utf-8" standalone="yes"?>
<rss version="2.0" xmlns:atom="http://www.w3.org/2005/Atom">
  <channel>
    <title>网址导航</title>
    <link>http://lipacn.tk/</link>
    <description>Recent content on 网址导航</description>
    <generator>Hugo -- gohugo.io</generator>
    <language>zh-CN</language><atom:link href="http://lipacn.tk/index.xml" rel="self" type="application/rss+xml" />
    <item>
      <title>关于网站</title>
      <link>http://lipacn.tk/about/</link>
      <pubDate>Tue, 28 Jul 2020 19:27:08 +0800</pubDate>
      
      <guid>http://lipacn.tk/about/</guid>
      <description>这是 Hugo 版 WebStack 主题 本项目是基于纯静态的网址导航网站 webstack.cc 制作的 Hugo 主题，其中部分代码参考了以下几个开源项目： https://github.com/liutongxu/liutongxu.github.io https://github.com/iplaycode/webstack-hugo 主题安装后，将 exampleSite 目录下的文件复制到 hugo 站</description>
    </item>
    
  </channel>
</rss>
